,bank_name,branch_name,branch_code,account_number,account_balance
0,BANK MELLI IRAN,Ms,8065,9826775940,Peso
1,BMO HARRIS BANK,Dr,5535,2036515230,Rupiah
2,FIRST BANK,Ms,7412,8935916968,Peso
3,CITIZENS STATE BANK,Mr,8072,1179294055,Koruna
4,Volksbank im Münsterland eG,Dr,7552,2593841521,Tenge
5,BAG Bankaktiengesellschaft,Mrs,5779,2940166855,Yen
6,VR-Bank Nordeifel eG,Honorable,9501,8199260098,Peso
7,Raiffeisenbank Burgebrach - Stegaurach eG,Mrs,4685,3642149093,Dollar
8,BANCO BPM SOCIETA' PER AZIONI,Ms,5408,8055604070,Euro
9,BANCA STABIESE - S.P.A.,Dr,6272,9776147364,Peso
10,EVENORD-BANK eG-KG,Dr,2083,7304339481,Rupiah
11,Finamur,Dr,8988,9274684493,Rand
12,FIRST FINANCIAL BANK,Rev,6121,3870350274,Baht
13,UBS Europe SE,Rev,7552,8160159231,Euro
14,COMMUNITY BANK,Ms,8096,2330684482,Ringgit
15,Raiffeisenbank Kaarst eG,Rev,4370,6782184933,Peso
16,SECURITY STATE BANK,Mr,2698,7252032264,Kuna
17,SANTANDER BANK,Honorable,6600,5031575453,Boliviano
18,JPMORGAN CHASE,Honorable,9877,9283286525,Riels
19,PNC BANK,Mr,1746,9494884603,Peso
20,FIRST NATIONAL BANK,Ms,7244,7388109197,Naira
21,BANCA NAZIONALE DEL LAVORO S.P.A. (IN FORMA CONTRATTA BNL S.P.A.),Honorable,7545,4039199930,Peso
22,FIRST NATIONAL BANK OF PENNSYLVANIA,Ms,7613,7278502325,Euro
23,JPMORGAN CHASE,Mr,1386,2953545274,Yuan Renminbi
24,NEW YORK COMMUNITY BANK,Ms,3638,8163931586,Krona
25,FEDERAL RESERVE BANK,Honorable,8421,9066708949,Peso
26,UniCredit Bank Austria AG,Honorable,4128,8280207484,Rial
27,TD BANK,Rev,8973,2563521534,Zloty
28,FIRST COMMUNITY BANK,Dr,8403,1560702375,Yuan Renminbi
29,BANK OF AMERICA,Ms,7304,3884418163,Yuan Renminbi
30,St. Michael's Credit Union Limited,Mrs,2432,3346666630,Euro
31,"Attijariwafa Bank Europe, Sucursal en España",Mr,6154,1742259448,Yuan Renminbi
32,BMO HARRIS BANK,Ms,7664,5162312770,Afghani
33,TEN31 Bank AG,Dr,5592,8555767790,Zloty
34,BANCA DI CREDITO COOPERATIVO AGROBRESCIANO - SOCIETA' COOPERATIVA,Mr,1744,5480092127,Peso
35,PROSPERITY BANK,Dr,1848,1030613358,Balboa
36,Kreissparkasse Anhalt-Bitterfeld,Dr,1523,5697719481,Dollar
37,BANCA NAZIONALE DEL LAVORO S.P.A. (IN FORMA CONTRATTA BNL S.P.A.),Ms,1789,3099819703,Rial
38,BANCA NAZIONALE DEL LAVORO S.P.A. (IN FORMA CONTRATTA BNL S.P.A.),Honorable,1923,1024543276,Ruble
39,Bank Ochrony Środowiska S.A.,Mr,6580,5612970309,Sol
40,PNC BANK,Mrs,3769,8407025792,Dong
41,Spar- und Kreditbank Bühlertal eG,Honorable,9222,3797885593,Naira
42,KEYBANK,Rev,4562,7550817078,Dirham
43,BMO HARRIS BANK,Ms,4657,5641678983,Rupiah
44,Raiffeisenbank Region Schallaburg eGen,Dr,5896,2162389019,Ruble
45,PROSPERITY BANK,Honorable,6553,8916719150,Rupiah
46,Volkswagen Bank Gesellschaft mit beschränkter Haftung,Rev,6348,1702610258,Ruble
47,"MYINVESTOR BANCO, S.A.",Ms,2527,8303977021,Dollar
48,FNZ Bank SE,Mr,1131,8829309275,Rupiah
49,"PayPal (Europe) S.à r.l. et Cie, S.C.A.",Mr,6685,1563415338,Ruble
50,FIRST STATE BANK,Dr,3504,2637608851,Ruble
51,BANCO BPM SOCIETA' PER AZIONI,Honorable,5107,8405664340,Zloty
52,Bankhaus Anton Hafner KG,Rev,1175,1539423403,Quetzal
53,US BANK,Mr,6498,3963727440,Krona
54,UBS Europe SE,Mrs,5699,1705337037,Yuan Renminbi
55,LIGA Bank eG,Rev,4274,7153807395,Dinar
56,FIRST TENNESSEE BANK,Ms,3806,8526560823,Yuan Renminbi
57,SANFELICE 1893 BANCA POPOLARE SOCIETA' COOPERATIVA PER AZIONI,Rev,9810,2644880279,Ruble
58,IBERIABANK,Honorable,6877,7640150631,Lempira
59,FIRST NATIONAL BANK,Mrs,5093,8354957845,Yuan Renminbi
60,WELLS FARGO BANK,Mrs,8243,9496479386,Yuan Renminbi
61,CASSA RAIFFEISEN DI BRUNICO SOCIETA' COOPERATIVA (IN LINGUA TEDESCA RAIFFEISENKASSE BRUNECK GENOSSENSCHAFT),Mrs,6101,7443237576,Yuan Renminbi
62,Bank Spółdzielczy w Tarnobrzegu,Ms,6819,3654601495,Cedi
63,BPER BANCA S.P.A.,Mrs,3317,6879471499,Taka
64,EUROPEAN DEPOSITARY BANK SA - MALTA BRANCH,Dr,7868,8962884762,Zloty
65,Coöperatieve Rabobank U.A.,Mr,2729,3910361024,Yuan Renminbi
66,BMW Bank GmbH,Rev,2445,4323915965,Peso
67,FIRST NATIONAL BANK,Honorable,8481,1176023720,Ringgit
68,Saalesparkasse,Mrs,8064,6899229193,Dollar
69,WELLS FARGO BANK,Honorable,3993,1406154483,Euro
70,CITIZENS BANK,Ms,2290,2305580251,Yen
71,FIRST BANK & TRUST,Honorable,3278,6628143834,Yuan Renminbi
72,CITIZENS NATIONAL BANK,Mrs,8532,4336835634,Yen
73,First South Credit Union Limited,Honorable,3778,2037060347,Peso
74,Raiffeisenbank Attersee-Süd eGen,Mrs,7668,4755868058,Yuan Renminbi
75,CHEMICAL BANK,Ms,6756,5681996676,Euro
76,Caisse régionale de crédit agricole mutuel du Morbihan,Mrs,6258,8241126909,Krona
77,TYCHE BANK S.P.A.,Mrs,4645,4942671341,Peso
78,Kreissparkasse Tuttlingen,Rev,1567,8976894200,Yuan Renminbi
79,BANCA NAZIONALE DEL LAVORO S.P.A. (IN FORMA CONTRATTA BNL S.P.A.),Mr,8276,4346467460,Euro
80,State Bank of India,Mr,9499,1674810365,Euro
81,BANCA DI CREDITO COOPERATIVO DI MILANO - SOCIETA' COOPERATIVA,Dr,9670,3410575888,Yuan Renminbi
82,UBS Europe SE,Rev,7863,6382677316,Yuan Renminbi
83,FIRST STATE BANK,Rev,5602,1324026308,Peso
84,PROSPERITY BANK,Mrs,4624,5184828948,Peso
85,"Caixa de Crédito Agrícola Mútuo de Mafra, CRL",Dr,4805,5269136039,Euro
86,WESBANCO BANK INC,Ms,3011,7471581459,Rand
87,Raiffeisenbank Region Parndorf eGen,Mr,2155,6249348659,Krona
88,LLB Bank AG,Honorable,7759,7807572508,Tenge
89,VALLEY NATIONAL BANK,Mrs,9403,1096706110,Zloty
90,BANCORP SOUTH,Ms,7653,8823633088,Guarani
91,Raiffeisenbank Region Wiener Alpen eGen,Honorable,4551,8966219087,Peso
92,BANQUE POPULAIRE MEDITERRANEE,Ms,2468,5498166872,Peso
93,Raiffeisenbank Ersingen eG,Honorable,7934,7133331686,Peso
94,UNION BANK & TRUST,Mrs,5883,6437626137,Ruble
95,BMO HARRIS BANK,Mrs,5804,4456497946,Rupiah
96,PNC BANK,Ms,2078,1408067462,Rupiah
97,US BANK,Ms,1386,2684904064,Rupiah
98,Quirin Privatbank AG,Ms,4016,9355592622,Ruble
99,FIRST NATIONAL BANK,Dr,3573,3686422065,Hryvnia
100,Sparkasse Marburg-Biedenkopf,Honorable,8917,5638164081,Ringgit
101,EAST WEST BANK,Mr,7132,8035531078,Rupiah
102,Caisse de crédit municipal de Bordeaux,Dr,5766,2921892483,Euro
103,FIRST BANK,Dr,1450,2160140675,Naira
104,COMPASS BANK,Dr,9163,5914614298,Peso
105,Raiffeisenbank Region Ried i.I. eGen,Mrs,7331,1035067613,Euro
106,KREDITBANKEN A/S,Dr,9560,3815015099,Yuan Renminbi
107,WESBANCO BANK INC,Dr,8615,6975475797,Zloty
108,THE HUNTINGTON NATIONAL BANK,Rev,4240,5134896725,Yuan Renminbi
109,FIRST BANK & TRUST,Mr,3878,5808891205,Peso
110,PEOPLES STATE BANK,Mrs,1538,7114400467,Euro
111,Access Credit Union Limited,Dr,2285,2680875534,Real
112,FARMERS & MERCHANTS BANK,Honorable,6151,3115097554,Euro
113,Caisse régionale de crédit agricole mutuel de l'Anjou et du Maine,Ms,5273,2644763929,Franc
114,TOTALKREDIT A/S,Rev,4400,2766041077,Rupee
115,Sylter Bank eG,Mr,3317,3373328572,Krona
116,BANCA NAZIONALE DEL LAVORO S.P.A. (IN FORMA CONTRATTA BNL S.P.A.),Ms,3529,1053454575,Yuan Renminbi
117,Mitsubishi UFJ Investor Services and Banking (Luxembourg) S.A.,Mrs,5892,3343528337,Yuan Renminbi
118,SOUTH STATE BANK,Ms,8264,7366317349,Yuan Renminbi
119,Raiffeisenbank Lieser-Maltatal eG,Dr,6694,2741846663,Yuan Renminbi
120,Dell Bank International Designated Activity Company,Ms,5942,2045108170,Euro
121,BMO HARRIS BANK,Honorable,7936,4165710016,Real
122,De Lage Landen International B.V.,Mr,5809,5341092261,Yuan Renminbi
123,BANCA DI CREDITO COOPERATIVO DI SPELLO E DEL VELINO - SOCIETA' COOPERATIVA,Ms,4499,7533482630,Rupiah
124,CITIBANK,Dr,7056,2084676698,Quetzal
125,Volksbank Riesa eG,Dr,5465,8669027247,Rupiah
126,Capitole Finance - Tofinso,Honorable,8887,2170352298,Peso
127,SECURITY BANK,Mr,9155,3569723730,Euro
128,Sparkasse Bielefeld,Mr,7689,6272554088,Euro
129,COMMERZBANK Aktiengesellschaft,Dr,3864,6371324657,Yuan Renminbi
130,FARMERS STATE BANK,Rev,8389,8228180502,Colon
131,BANCO BPM SOCIETA' PER AZIONI,Rev,7360,2624859882,Yuan Renminbi
132,Raiffeisen Bank International AG,Ms,6422,1444642097,Real
133,MULTITUDE BANK P.L.C.,Mrs,1634,4216756308,Ruble
134,BANK OF AMERICA,Mr,6985,5366611954,Yuan Renminbi
135,BMO HARRIS BANK,Honorable,4934,1686601542,Afghani
136,Athea and District Credit Union Limited,Dr,2377,9661101336,Euro
137,BANCO BPM SOCIETA' PER AZIONI,Honorable,3132,1124402678,Ruble
138,CITIZENS BANK,Ms,8384,4353183678,Real
139,IBERIABANK,Mr,9301,4966190193,Dinar
140,INTERNATIONAL BANK OF COMMERCE,Ms,7337,5500744656,Euro
141,COMMERCE BANK,Mrs,3182,3796518343,Yuan Renminbi
142,BANK OF AMERICA,Rev,5964,1656485638,Rupiah
143,BANCO BPM SOCIETA' PER AZIONI,Dr,7113,8701578005,Dong
144,LÆGERNES BANK A/S,Mr,8077,8726436376,Ruble
145,BANK OF AMERICA,Mrs,4254,2015264663,Baht
146,FIRST MIDWEST BANK,Ms,1614,1575944224,Peso
147,THE HUNTINGTON NATIONAL BANK,Honorable,6850,7382037715,Rupiah
148,Sparkasse Rhein-Maas,Ms,5515,7287750985,Lempira
149,Raiffeisenbank Aspach-Wildenau eGen,Mr,2409,4366471545,Zloty
150,State Bank of India,Dr,6957,8920154113,Ruble
151,"MUFG Bank, Ltd",Rev,6229,7575130581,Dollar
152,BANCA CENTRALA COOPERATISTA CREDITCOOP,Mrs,6922,3631217749,Yuan Renminbi
153,CAPITAL ONE,Mrs,4486,7680868311,Euro
154,IBERIABANK,Honorable,9552,2674928869,Krona
155,Volksbank Brandoberndorf eG,Rev,5841,1535248550,Krona
156,Raiffeisenbank Mittelkärnten eG,Dr,5074,1918268700,Euro
157,Raiffeisenbank im Donautal eG,Mrs,7298,1424026442,Hryvnia
158,Sparkasse Hannover,Dr,6948,8183134189,Peso
159,CENTENNIAL BANK,Dr,8773,3112595782,Dollar
160,BANCA DON RIZZO - CREDITO COOPERATIVO DELLA SICILIA OCCIDENTALE - SOCIETA' COOPERATIVA,Ms,7174,8407757367,Quetzal
161,Kredito unija „Neris“,Rev,8768,7273414082,Dinar
162,BANK OF AMERICA,Mr,1177,6810216571,Yuan Renminbi
163,VR Bank HessenLand eG,Ms,1642,2724117623,Baht
164,PNC BANK,Dr,7836,6526519248,Yuan Renminbi
165,Arab Jordan Investment Bank SA,Mrs,5138,9581103322,Zloty
166,Säästöpankkien Keskuspankki Suomi Oyj,Mrs,8620,8510376086,Rupiah
167,BNY Mellon SA/NV Dublin Branch,Honorable,2500,4397737490,Franc
168,SELF-HELP CREDIT UNION,Rev,2688,1620718064,Rupiah
169,Raiffeisenbank Graz-Straßgang eGen,Honorable,9494,6024378380,Rupiah
170,DEUTSCHE BANK AKTIENGESELLSCHAFT,Honorable,7850,6647089628,Marka
171,SECURITY STATE BANK,Honorable,4378,7210658454,Euro
172,BANK OF HOPE,Rev,6318,1092437720,Afghani
173,FIRST STATE BANK,Ms,6529,9624886538,Dirham
174,Caixa Rural Torrent Cooperativa de Credit Valenciana,Mr,5666,2397115667,Real
175,KREDITBANKEN A/S,Mr,3079,7337537656,Rupiah
176,IBERIABANK,Dr,2669,7839968343,Peso
177,Sparkasse Feldkirchen/Kärnten,Ms,8913,5234547935,Yuan Renminbi
178,ING Bank N.V.,Dr,2214,5899496672,Dollar
179,FNZ Bank SE,Honorable,5580,4691111870,Peso
180,Volksbank Beilstein-Ilsfeld-Abstatt eG,Dr,9663,3564362341,Dollar
181,S & T BANK,Dr,2898,8690959863,Rupiah
182,BANCO BPM SOCIETA' PER AZIONI,Mrs,6686,5571165252,Dollar
183,FIFTH THIRD BANK,Honorable,5108,4286331110,Dram
184,BANCO BPM SOCIETA' PER AZIONI,Ms,7336,9351966048,Ruble
185,GREAT WESTERN BANK,Honorable,3939,3282941946,Zloty
186,UNITED BANK,Dr,9647,7330721451,Euro
187,Raiffeisenbank Attergau eGen,Rev,1604,8404541491,Dinar
188,BANCA POPOLARE DI PUGLIA E BASILICATA - SOCIETA' COOPERATIVA PER AZIONI,Dr,7133,6505189594,Hryvnia
189,BANK OF AMERICA,Mr,3577,7785218987,Euro
190,BRANCH BANKING & TRUST COMPANY,Honorable,8733,6636513604,Rupiah
191,Volksbank Beckum-Lippstadt eG,Honorable,4608,4907221339,Dong
192,BANCA POPOLARE DEL FRUSINATE SOCIETA' COOPERATIVA PER AZIONI,Dr,3241,4796393162,Euro
193,UNITED BANK,Mr,8658,2652914685,Rupiah
194,BANCORPSOUTH BANK,Dr,7625,9095434628,Dong
195,Sparkasse Rhein Neckar Nord,Dr,9935,3521418602,Rupiah
196,Kreissparkasse Vulkaneifel,Mr,1411,3285458358,Peso
197,DEUTSCHE BANK AKTIENGESELLSCHAFT,Ms,8121,6083411336,Yuan Renminbi
198,BANCO BPM SOCIETA' PER AZIONI,Rev,7982,8046604446,Peso
199,BEAR STATE BANK,Honorable,8631,9805603810,Ringgit
200,"Banco Bilbao Vizcaya Argentaria, S.A.",Rev,6699,8198155382,Pound
201,BRANCH BANKING & TRUST COMPANY,Mrs,9825,2991326553,Yuan Renminbi
202,DEUTSCHE BANK S.P.A.,Ms,2904,8180611045,Rupiah
203,COMMUNITY FIRST BANK,Rev,8931,5484543291,Yuan Renminbi
204,CASSA RURALE ED ARTIGIANA DI BORGO SAN GIACOMO (BRESCIA) - CREDITO COOPERATIVO - SOCIETA' COOPERATIVA,Mr,5716,4012643092,Shilling
205,CASSA RURALE ALTOGARDA - ROVERETO - BANCA DI CREDITO COOPERATIVO - SOCIETA' COOPERATIVA,Dr,7661,1796037274,Zloty
206,COMPASS BANK,Mr,3768,2885876364,Euro
207,Raiffeisenbank Oberes Lavanttal - St. Paul eG,Mrs,3807,5979889299,Hryvnia
208,JPMORGAN CHASE,Honorable,7269,1345092797,Rupiah
209,CITIZENS NATIONAL BANK,Dr,1855,1472669168,Rupiah
210,BANCA AGRICOLA POPOLARE DI SICILIA SOCIETA' COOPERATIVA PER AZIONI,Rev,3360,5360432849,Peso
211,XENITH BANK,Rev,9281,9047665611,Euro
212,BANK OF COMMERCE,Mrs,1578,4538725790,Peso
213,"HAITONG BANK, S.A.",Mrs,6355,5964967838,Rupiah
214,WELLS FARGO BANK,Honorable,1732,8394061924,Yuan Renminbi
215,Crédit Agricole S.A.,Mr,7297,8944519459,Rupiah
216,INTESA SANPAOLO S.P.A.,Honorable,2435,5845888566,Rupiah
217,PINNACLE BANK,Rev,8154,6346202499,Peso
218,BANCO BPM SOCIETA' PER AZIONI,Mrs,3359,4717152546,Yuan Renminbi
219,Alisa Pankki Oyj,Dr,7559,9135483534,Yen
220,CITIZENS BANK,Ms,6533,8071163010,Dollar
221,BANK OF AMERICA,Mrs,4862,7859256714,Peso
222,Raiffeisenbank Hippach-Hart eGen,Honorable,3854,2362702938,Yen
223,"Banco Mediolanum, S.A.",Rev,7068,4012234088,Real
224,BANCO BPM SOCIETA' PER AZIONI,Rev,3970,9428252703,Yuan Renminbi
225,UNION STATE BANK,Ms,9371,7257331156,Yuan Renminbi
226,COMPASS BANK,Mrs,5674,2655896299,Yuan Renminbi
227,BANCO BPM SOCIETA' PER AZIONI,Mrs,3580,9182207922,Dirham
228,FIRST NATIONAL BANK,Rev,9931,6573540689,Dollar
229,INTERBANK,Ms,6789,2022307599,Krona
230,SECURITY STATE BANK,Dr,1894,3135915335,Yuan Renminbi
231,XENITH BANK,Ms,1862,3002371810,Rupiah
232,REGIONS BANK,Honorable,4702,4294121446,Dollar
233,Nordea Bank Abp,Ms,5281,1623330714,Peso
234,IBERIABANK,Ms,6519,9045629359,Dong
235,THE HUNTINGTON NATIONAL BANK,Dr,3809,7919463380,Krona
236,REGIONS BANK,Dr,7673,4050915876,Yuan Renminbi
237,VR Bank Amberg-Sulzbach eG,Rev,7098,7066456142,Krona
238,"Ibercaja Banco, S.A.",Mrs,6892,9941252634,Euro
239,Crédit Foncier de France,Mr,7568,2594728260,Peso
240,BANCO BPM SOCIETA' PER AZIONI,Mr,3448,3117293268,Birr
241,Sparkasse Niederbayern-Mitte,Honorable,4630,8602956548,Rupee
242,STATE BANK AND TRUST COMPANY,Mr,6744,2749945557,Zloty
243,CITIBANK,Mr,7116,8145297111,Sol
244,Raiffeisenbank im Fuldaer Land eG,Mr,1483,4503194002,Euro
245,Société générale S.A.,Rev,6200,8881220820,Zloty
246,CITIZENS BANK,Mr,1804,9766474209,Zloty
247,BANCORPSOUTH,Rev,1272,2903821778,Dollar
248,Granard Credit Union Limited,Mr,4278,4322711254,Rupiah
249,FIRST FINANCIAL BANK,Rev,5932,2659279258,Yen
250,GLACIER BANK,Honorable,7603,8375152764,Real
251,Volksbank eG,Honorable,9058,1806104745,Ruble
252,Kreissparkasse Weilburg,Dr,9945,6814329863,Zloty
253,Ulster Bank Ireland Designated Activity Company,Honorable,8499,3376597599,Rupiah
254,MUFG UNION BANK,Mr,8892,1404129749,Dram
255,FIRST STATE BANK,Mrs,3783,4850262007,Lev
256,UMPQUA BANK,Dr,3811,3027626498,Yuan Renminbi
257,COMMUNITY STATE BANK,Mr,5173,9969085455,Euro
258,FIRST NATIONAL BANK,Mr,8963,5297930414,Krona
259,Larkhill and District Credit Union Limited,Ms,2833,4160717280,Yuan Renminbi
260,Signet Bank AS,Honorable,3354,9960598341,Ruble
261,CITIZENS BANK,Mrs,9919,5874987139,Ruble
262,PEOPLES BANK,Dr,5575,9485674786,Dollar
263,Raiffeisenbank Flachgau Mitte eGen,Dr,1602,5516258848,Yuan Renminbi
264,Cahir Credit Union Limited,Ms,4972,5251350732,Rupiah
265,BANCO BPM SOCIETA' PER AZIONI,Dr,1984,9291664669,Leone
266,FIRST STATE BANK,Honorable,5058,3993010182,Zloty
267,FIRSTBANK,Mrs,4479,4478350162,Rupiah
268,RENASANT BANK,Dr,3485,6916142136,Nakfa
269,Rothschild Martin Maurel,Rev,7005,7525012279,Rupee
270,FRANDSEN BANK & TRUST,Ms,2956,5512043397,Yuan Renminbi
271,AS TBB pank,Rev,3627,3593742626,Euro
272,BANCO BPM SOCIETA' PER AZIONI,Rev,1066,5649851688,Real
273,Ekobanken medlemsbank,Rev,1536,2781394971,Yuan Renminbi
274,CITIZENS BUSINESS BANK,Mrs,5294,6888443937,Peso
275,FIRST NATIONAL BANK,Rev,9899,1335246601,Krone
276,IBERIABANK,Mr,6013,2460468934,Dollar
277,IBERIABANK,Honorable,6499,9118009055,Euro
278,BCC FINANCING S.P.A.,Ms,1395,9722417908,Ariary
279,BHW Bausparkasse Aktiengesellschaft,Honorable,7516,6100485251,Bolivar
280,Raiffeisenbank Gilching eG,Rev,2331,7274761027,Ruble
281,BANCO BPM SOCIETA' PER AZIONI,Ms,7564,8524348385,Yuan Renminbi
282,Raiffeisenbank Geretsberg eGen,Dr,1679,9533874904,Krona
283,FIRST NATIONAL BANK,Mr,6560,3525242302,Yuan Renminbi
284,UNION STATE BANK,Dr,7976,6919855972,Rupiah
285,TRINITY BANK a.s.,Mr,1347,6984579798,Sol
286,Bausparkasse Wüstenrot Aktiengesellschaft,Ms,4206,2772008522,Yuan Renminbi
287,Raiffeisenbank Flachgau Nord eGen,Ms,6784,9808616078,Yuan Renminbi
288,FIRST STATE BANK,Ms,8904,4467411176,Ruble
289,FIRST NATIONAL BANK,Dr,7464,5643642461,Dollar
290,FIRST STATE BANK,Mrs,8862,3412496826,Kuna
291,BANK OF AMERICA,Honorable,7712,6605934981,Pound
292,Volksbank Halle (Saale) eG,Dr,1704,9674998217,Yen
293,Mitsubishi UFJ Investor Services and Banking (Luxembourg) S.A.,Mr,6408,6710339707,Real
294,CAPITAL ONE,Rev,6584,9942790723,Euro
295,S & T BANK,Mrs,7033,4312905777,Hryvnia
296,"Banco Bilbao Vizcaya Argentaria, S.A.",Mr,5031,7096895717,Dollar
297,WELLS FARGO BANK,Mr,1848,8291352225,Real
298,KEYBANK,Rev,2356,8994852007,Peso
299,Volksbank eG,Honorable,5354,5330146720,Lev
300,BANCA DI CREDITO COOPERATIVO DI AVETRANA - SOCIETA' COOPERATIVA,Mr,6054,8413712961,Peso
301,FIRST NATIONAL BANK,Dr,5379,1506347285,Shekel
302,Karlovačka banka d.d.,Mrs,3251,1943073582,Yuan Renminbi
303,LIBERTY BANK,Rev,3904,2696325393,Yuan Renminbi
304,TD BANK,Mrs,4550,2621531914,Yuan Renminbi
305,PARK NATIONAL BANK,Rev,6374,4395448008,Koruna
306,ING Bank N.V.,Mrs,3383,1798023071,Peso
307,"Banco BIC Português, SA",Mr,5863,4152499451,Yuan Renminbi
308,PEAC (Germany) GmbH,Honorable,5541,8490346711,Yuan Renminbi
309,St. Canice's Kilkenny Credit Union Limited,Rev,1015,3340943543,Yuan Renminbi
310,CAPITAL ONE,Dr,8962,6344462884,Peso
311,Kreissparkasse Rottweil,Dr,2857,9887529376,Rupiah
312,BEAR STATE BANK,Mrs,3570,9718343564,Tenge
313,Bank Spółdzielczy w Sokołach,Dr,5268,4862969857,Euro
314,DEUTSCHE BANK AKTIENGESELLSCHAFT,Ms,8731,8642947099,Yuan Renminbi
315,FIRSTBANK,Honorable,9384,1223622083,Sol
316,Hellenic Bank Public Company Ltd,Mr,7035,2495027312,Ruble
317,UniCredit Bank Austria AG,Rev,5509,1341653804,Rial
318,WELLS FARGO BANK,Rev,8225,6477537758,Krona
319,COMMUNITY BANK,Dr,9573,8020297105,Rupiah
320,CORTINABANCA - CREDITO COOPERATIVO - SOCIETÀ COOPERATIVA,Mrs,2651,7240388224,Tugrik
321,COLUMBIA STATE BANK,Rev,8952,3455225912,Peso
322,CREDIT UNION OF SOUTHERN CALIFORNIA,Ms,1439,8193887721,Dinar
323,BANCO BPM SOCIETA' PER AZIONI,Ms,4488,3585359489,Yuan Renminbi
324,KEYBANK,Mr,9511,9616656595,Euro
325,RISE SPAREKASSE,Dr,8931,7560678854,Zloty
326,Revolut Bank UAB,Mr,6323,9030279295,Real
327,CENTRAL BANK,Ms,2759,4819411083,Euro
328,PEOPLES BANK,Ms,8803,5040470016,Rupiah
329,BANCO BPM SOCIETA' PER AZIONI,Mrs,8726,3328207039,Baht
330,BANCO BPM SOCIETA' PER AZIONI,Honorable,3421,5225574290,Yuan Renminbi
331,BMO HARRIS BANK,Honorable,2481,5557547719,Peso
332,WELLS FARGO BANK,Rev,8185,4788128145,Rupiah
333,FIRST NATIONAL BANK,Honorable,4204,9737877457,Yuan Renminbi
334,PROSPERITY BANK,Mrs,9410,5925781222,Ruble
335,BANCO BPM SOCIETA' PER AZIONI,Ms,7356,6321853964,Yuan Renminbi
336,CAPITAL BANK,Mr,5376,9810097657,Dollar
337,Sparkasse zu Lübeck Aktiengesellschaft,Honorable,3805,4235804698,Rupiah
338,PEOPLES BANK,Mr,1007,7631830316,Rupiah
339,Sparkasse Rattenberg Bank AG,Ms,8954,5393613687,Dinar
340,UNITED COMMUNITY BANK,Rev,2738,3788896132,Lilangeni
341,UNION STATE BANK,Honorable,3379,4005800205,Euro
342,Crédit Agricole S.A.,Mrs,8935,2102169070,Tugrik
343,UNITED BANK,Mr,4125,6459392411,Rupiah
344,Kreissparkasse Kelheim,Dr,2825,9879514097,Rupiah
345,Caisse régionale de crédit agricole mutuel Pyrénées-Gascogne,Honorable,3236,3255406241,Real
346,Sparkasse Engen-Gottmadingen,Dr,4735,6934867235,Rupiah
347,FIRST TENNESSEE BANK,Rev,3059,7431133849,Zloty
348,FIRST BANK,Mr,2178,2679963453,Bolivar
349,"Kooperatīvā krājaizdevu sabiedrība ""AlfaBeta""",Rev,1652,4687917986,Peso
350,FIFTH THIRD BANK,Dr,8734,6762338397,Sol
351,BNP Paribas Fortis,Mr,5422,2402467287,Franc
352,CITIBANK WEST,Mr,6656,2947680231,Peso
353,Compagnie générale de crédit aux particuliers - Crédipar,Rev,1282,6233949296,Kip
354,PINNACLE BANK,Mrs,7099,1625949319,Hryvnia
355,FIRST STATE BANK,Ms,1593,8169497247,Rand
356,BRANCH BANKING & TRUST COMPANY,Mrs,5049,2994465657,Shilling
357,BNP Paribas,Rev,3598,8175782470,Euro
358,CITIBANK,Rev,4077,9804587856,Yuan Renminbi
359,FRANDSEN BANK & TRUST,Rev,7657,7409022217,Peso
360,"Caja Rural de Navarra, S. Coop. de Crédito",Dr,9594,6472123360,Koruna
361,CITIZENS BANK,Ms,4364,4773926605,Yuan Renminbi
362,BANK OF AMERICA,Ms,8399,3220939415,Peso
363,Leipziger Volksbank eG,Ms,1712,5426649543,Dollar
364,Raiffeisenbank Aichfeld eGen,Rev,6819,3978284081,Euro
365,FIRST BANK,Mr,7681,7813382149,Yen
366,Pax-Bank eG,Dr,9907,4375074129,Yuan Renminbi
367,Raiffeisenbank Weissachtal eGen,Mrs,1646,9660208422,Yuan Renminbi
368,PNC BANK,Honorable,3356,6336954020,Euro
369,JPMORGAN CHASE,Ms,9041,3730654452,Euro
370,Skandinaviska Enskilda Banken AB,Mrs,4525,5070537578,Krona
371,HSBC BANK,Dr,4075,5619659188,Dinar
372,NEW YORK COMMUNITY BANK,Mr,1601,2788489022,Yuan Renminbi
373,KEY BANK,Mr,1296,6075576869,Krone
374,CITIZENS BANK,Honorable,4816,8337538735,Franc
375,FIRST STATE BANK,Mr,9902,2034841474,Euro
376,VR Bank Fulda eG,Dr,1439,2095278215,Yuan Renminbi
377,BANCO BPM SOCIETA' PER AZIONI,Mrs,7325,2778200047,Euro
378,Volksbank Bad Salzuflen eG,Mrs,9001,6504920356,Dollar
379,HORIZON CREDIT UNION,Mrs,5052,5857832533,Peso
380,THE HUNTINGTON NATIONAL BANK,Mr,4559,6899704785,Lek
381,UMB,Mr,1711,3569987957,Yen
382,Raiffeisenbank Ottenbach eG,Ms,2994,5171454676,Yuan Renminbi
383,Winterbacher Bank eG,Dr,6705,7993798118,Rupiah
384,INDEPENDENT BANK,Dr,8153,6272205559,Rupiah
385,Sparkasse Heidelberg,Ms,4819,8812847438,Zloty
386,FIFTH THIRD BANK,Dr,3940,9048061895,Euro
387,Shercock Credit Union Limited,Dr,7730,2508827391,Euro
388,JPMORGAN CHASE,Honorable,1172,2427830921,Yuan Renminbi
389,AMUNDI,Rev,4727,5623839036,Rupiah
390,BANCO POPULAR,Mr,2284,7047006437,Real
391,State Bank of India,Ms,6058,4089205054,Euro
392,COMMUNITY BANK,Mrs,2387,3403577922,Euro
393,BANCO BPM SOCIETA' PER AZIONI,Mrs,5796,3482035436,Shilling
394,Sparkasse Rhein Neckar Nord,Mr,4320,7481165246,Rupiah
395,AMERIS BANK,Honorable,9634,5518415776,Dollar
396,Volksbank Jever eG,Honorable,7144,5419382207,Krona
397,Western Union International Bank GmbH,Rev,4229,3807772104,Euro
398,Raiffeisenbank im Thayatal eGen,Mr,4833,7761439379,Yuan Renminbi
399,Bopfinger Bank Sechta-Ries eG,Mrs,6638,2908874883,Yuan Renminbi
400,FIRST FINANCIAL BANK,Honorable,9977,2458980708,Yuan Renminbi
401,SGB-Bank S.A.,Ms,2754,3826349401,Yuan Renminbi
402,DEUTSCHE BANK S.P.A.,Honorable,8083,5453646216,Dollar
403,PROSPERITY BANK,Ms,1024,2849361270,Rupee
404,PACIFIC WESTERN BANK,Ms,7936,3036739669,Dirham
405,FIRST NATIONAL BANK,Rev,2989,5854271985,Rupiah
406,Crédit Agricole S.A.,Ms,4767,6885872498,Yuan Renminbi
407,UNIFY FINANCIAL FEDERAL CREDIT UNION,Dr,9611,8058471342,Rupee
408,FIRST BANK,Dr,6997,2640921986,Dollar
409,FIRST TENNESSEE BANK,Mr,9847,6675894146,Peso
410,SANTANDER BANK,Rev,7031,7743747078,Euro
411,FIRST BANK & TRUST,Mrs,4854,6989387573,Yuan Renminbi
412,Slatinska banka d.d.,Mrs,7821,9504822697,Krone
413,FIRST FINANCIAL BANK,Rev,1163,2500625590,Koruna
414,BANKPLUS,Ms,7374,4445943197,Rupiah
415,Süd-West-Kreditbank Finanzierung GmbH,Dr,5305,6968564831,Yuan Renminbi
416,KEY BANK,Mrs,4083,4987263549,Ruble
417,Lloyds Bank GmbH,Mr,6812,8323326402,Peso
418,CAPITAL ONE,Dr,2353,8851981283,Rupiah
419,LixxBail,Dr,9709,8343980837,Rupiah
420,COMPASS BANK,Dr,9268,7998415773,Bolivar
421,PEOPLES STATE BANK,Rev,4211,4318390236,Rupiah
422,FIRST NATIONAL BANK,Mr,6718,9375283586,Yuan Renminbi
423,Raiffeisenbank Unken eGen,Mrs,6323,3258865183,Euro
424,Caisse des dépôts et consignations - section générale,Mrs,4318,9591032680,Yuan Renminbi
425,FIRST NATIONAL BANK,Ms,7640,8831257577,Baht
426,Raiffeisenbank Neustadt eG,Honorable,9683,3456986080,Peso
427,Sparkasse Südpfalz,Mrs,8008,6899539418,Yuan Renminbi
428,Stadtsparkasse Augsburg,Mr,7746,3855328877,Rupiah
429,Nationale-Nederlanden Bank N.V.,Honorable,9447,7424626496,Colon
430,CAPITAL BANK,Ms,5201,9617328834,Balboa
431,PEOPLES BANK,Rev,7385,8174143312,Yuan Renminbi
432,FIRST FINANCIAL BANK,Dr,7514,1494799705,Euro
433,Stadtsparkasse Augsburg,Ms,7416,3984294485,Dong
434,VR Bank eG,Dr,7632,9771652132,Yuan Renminbi
435,COLUMBIA STATE BANK,Mr,2774,6098355011,Franc
436,COMMUNITY BANK,Mr,8273,4298016567,Yuan Renminbi
437,Caisse régionale de crédit agricole mutuel du Centre Ouest,Mr,4860,6983010018,Yuan Renminbi
438,VR Bank Ihre Heimatbank eG,Honorable,6741,2226611494,Euro
439,BANK OF CYPRUS PUBLIC COMPANY LTD,Dr,2460,9860474006,Boliviano
440,BANCA DI CREDITO COOPERATIVO DI OSTUNI - SOCIETA' COOPERATIVA,Dr,1658,4977275279,Zloty
441,PACIFIC WESTERN BANK,Dr,7258,2033601479,Litas
442,Edmond de Rothschild (France),Dr,6207,9772265129,Sol
443,Tower Credit Union Limited,Honorable,2147,6347017446,Yuan Renminbi
444,COMMERCIAL BANK,Ms,6035,8725268770,Rupiah
445,FIRST NATIONAL BANK,Mr,6364,6207678887,Yuan Renminbi
446,FIRST NATIONAL BANK,Mrs,7382,7506219141,Hryvnia
447,UNION BANK & TRUST,Ms,7709,8727559569,Hryvnia
448,NEW YORK COMMUNITY BANK,Honorable,7535,9591209311,Rupiah
449,Onstmettinger Bank eG,Honorable,5913,5997884696,Euro
450,BANK OF THE WEST,Mrs,9075,4732209182,Zloty
451,Raiffeisenbank Brixen im Thale eGen,Honorable,6168,6363153803,Hryvnia
452,COMMERZBANK Aktiengesellschaft,Mr,7633,6955732809,Yuan Renminbi
453,Kreissparkasse Miesbach-Tegernsee,Mrs,6241,2474456205,Rupiah
454,BANK OF NORTH CAROLINA,Mrs,6073,8700200962,Peso
455,Bank of China (Europe) S.A,Mrs,6095,2532161245,Euro
456,BMO HARRIS BANK,Mr,7104,4140200235,Tenge
457,Raiffeisenbank Weyer eGen,Rev,8900,7471714785,Rupiah
458,BANK OF INDIA,Rev,3094,2595059525,Sol
459,Raiffeisenbank München-Süd eG,Dr,2022,9545501291,Rupiah
460,Caisse régionale de crédit agricole mutuel du Languedoc,Honorable,1709,3420627659,Rupiah
461,GREAT WESTERN BANK,Rev,4673,4755608896,Rupiah
462,BANCA NAZIONALE DEL LAVORO S.P.A. (IN FORMA CONTRATTA BNL S.P.A.),Mrs,6170,2921099817,Yuan Renminbi
463,CITIZENS NATIONAL BANK,Mrs,4636,7647984829,Yuan Renminbi
464,CAPITAL ONE,Rev,5284,2669311828,Peso
465,HSBC BANK,Rev,6307,2626545326,Dong
466,FEDERAL RESERVE BANK,Mr,4469,1970488063,Rupiah
467,Raiffeisenbank Wörthersee-Landskron-Gegendtal eG,Honorable,4528,5671300983,Rupiah
468,Mercedes-Benz Bank AG,Honorable,3690,1701011574,Dollar
469,CITIZENS NATIONAL BANK,Mrs,8102,9347337783,Dollar
470,Raiffeisenbank Region Peuerbach eGen,Dr,6233,2201047256,Euro
471,BANCO BPM SOCIETA' PER AZIONI,Ms,7092,4663788595,Yuan Renminbi
472,US BANK,Rev,8224,9339737373,Dollar
473,IBERIABANK,Ms,9240,9272805383,Ruble
474,FIRSTBANK,Dr,4916,9479929880,Rupiah
475,Volksbank eG,Honorable,1376,6856904888,Yuan Renminbi
476,SOUTH STATE BANK,Mr,1956,8221037869,Yuan Renminbi
477,BERKSHIRE BANK,Rev,7717,6810273113,Zloty
478,Sparkasse Burgenlandkreis,Mrs,6062,9249680209,Real
479,DEUTSCHE BANK AKTIENGESELLSCHAFT,Rev,7300,3661668184,Peso
480,EFG Bank (Monaco),Honorable,5479,4855082769,Krona
481,BEAR STATE BANK,Honorable,3682,3642095585,Zloty
482,BANCA NAZIONALE DEL LAVORO S.P.A. (IN FORMA CONTRATTA BNL S.P.A.),Honorable,7295,3802529137,Yuan Renminbi
483,SANTANDER BANK,Honorable,8131,2975872460,Koruna
484,CB Bank GmbH,Ms,2512,5759567690,Yuan Renminbi
485,CITIZENS STATE BANK,Dr,2312,9678144738,Naira
486,CORNERSTONE BANK,Rev,4584,3838612926,Euro
487,MUFG UNION BANK,Dr,8894,1481970348,Baht
488,BERKSHIRE BANK,Dr,1007,5725645483,Yuan Renminbi
489,Raiffeisenbank Küps-Mitwitz-Stockheim eG,Ms,1294,4328045118,Peso
490,Kreissparkasse Fallingbostel in Walsrode,Ms,4146,8390030680,Dinar
491,Raiffeisenbank Tirol Mitte West eGen,Ms,6153,2416138050,Rupiah
492,ING Bank N.V.,Mr,2601,7220373468,Ruble
493,Slane Credit Union Limited,Dr,9806,9265193343,Yuan Renminbi
494,Raiffeisen Regionalbank Matrei i.O. eGen,Mr,6380,8771483131,Zloty
495,Raiffeisenbank im Oberpfälzer Jura eG,Ms,3842,2084348149,Rupiah
496,BANCA DI CREDITO COOPERATIVO DEI CASTELLI ROMANI E DEL TUSCOLO - SOCIETA' COOPERATIVA,Rev,8835,7627588466,Euro
497,CITIZENS NATIONAL BANK,Ms,9678,3551220978,Yuan Renminbi
498,COMERICA BANK,Mrs,5076,3236001996,Lek
499,BANCO BPM SOCIETA' PER AZIONI,Honorable,2330,1846558897,Yuan Renminbi
500,Deutsche Bank Luxembourg S.A.,Mr,9255,2057970530,Real
501,FIRST BANK & TRUST,Rev,4020,7620232793,Dinar
502,FIRST NATIONAL BANK,Ms,6526,9593472073,Dollar
503,Raiffeisenbank Millstättersee eG,Dr,7724,8980076856,Peso
504,FEDERAL RESERVE BANK,Rev,2360,9962390027,Yuan Renminbi
505,RENASANT BANK,Rev,6942,2778492016,Peso
506,CAPITAL ONE,Dr,3905,9011963018,Yuan Renminbi
507,BANCO BPM SOCIETA' PER AZIONI,Mr,1431,8221163306,Yuan Renminbi
508,BANCO BPM SOCIETA' PER AZIONI,Honorable,8011,3066420560,Peso
509,FIFTH THIRD BANK,Dr,2216,9309392815,Yuan Renminbi
510,Raiffeisenbank Nockberge eGen,Mr,3402,2560324420,Euro
511,FIRST STATE BANK,Ms,7967,6961242966,Peso
512,BANK OF AMERICA,Rev,6353,7963547323,Metical
513,VISTA BANK (ROMANIA) S.A.,Dr,9934,9440041559,Sol
514,BMO HARRIS BANK,Mr,5870,9436448682,Zloty
515,BANCO BPM SOCIETA' PER AZIONI,Mr,5365,1701105442,Gourde
516,RENASANT BANK,Ms,1151,5884065415,Ruble
517,INTESA SANPAOLO S.P.A.,Mr,9497,9603355832,Rupiah
518,KEY BANK,Mrs,3270,6628841599,Krone
519,BANCA DI CREDITO COOPERATIVO DEGLI ULIVI - TERRA DI BARI - SOCIETA' COOPERATIVA,Mrs,7784,8643984757,Lev
520,Volksbank Kassel Göttingen eG,Mrs,8481,1172717875,Real
521,REGIONS BANK,Dr,1390,7112531993,Denar
522,PNC BANK,Mrs,1892,6043226955,Peso
523,BANCO BPM SOCIETA' PER AZIONI,Dr,7905,5788429981,Euro
524,Brühler Bank eG,Dr,9518,7037570075,Rupiah
525,FIRST COMMUNITY BANK,Honorable,7012,3615344160,Krone
526,Le Chéile Credit Union Limited,Honorable,3279,7523660543,Ruble
527,FIRST NATIONAL BANK,Ms,8859,3238336700,Franc
528,Raiffeisenbank Straß-Spielfeld eGen,Dr,2136,1795576214,Yuan Renminbi
529,VALLEY NATIONAL BANK,Honorable,3413,6912820377,Koruna
530,FIRST NATIONAL BANK,Honorable,7624,6159212000,Yuan Renminbi
531,US BANK,Dr,7042,7884101147,Real
532,WELLS FARGO BANK,Ms,3988,2733471870,Yuan Renminbi
533,Volksbank Heinsberg eG,Ms,2652,6427647485,Yuan Renminbi
534,Coöperatieve Rabobank U.A.,Dr,4069,3468649725,Zloty
535,FIRST FINANCIAL BANK,Honorable,4650,3223827907,Dollar
536,FARMERS BANK,Rev,2504,2459173599,Rupiah
537,RENASANT BANK,Dr,2296,2291230630,Zloty
538,WELLS FARGO BANK,Mrs,7644,5399908240,Yen
539,Bordesholmer Sparkasse Aktiengesellschaft,Mrs,8199,9398319578,Hryvnia
540,Compagnie générale de crédit aux particuliers - Crédipar,Mrs,4391,2316005507,Colon
541,PSD Bank Karlsruhe-Neustadt eG,Ms,9023,1370368421,Naira
542,Banque populaire Bourgogne Franche-Comté,Mr,2872,9663877418,Rupiah
543,FIRST COMMUNITY BANK,Mrs,7656,3582491873,Rupiah
544,Dornbirner Sparkasse Bank AG,Ms,2199,8356603751,Peso
545,RENASANT BANK,Mrs,5761,6106515233,Yuan Renminbi
546,BANCORPSOUTH,Dr,4549,4964651375,Peso
547,BANCA ALPI MARITTIME CREDITO COOPERATIVO CARRU' - SOCIETA' COOPERATIVA PER AZIONI,Honorable,4738,5410804142,Euro
548,FIRST NATIONAL BANK OF PENNSYLVANIA,Dr,5655,6037012971,Yuan Renminbi
549,Raiffeisenbank Singoldtal eG,Mr,2171,6469983436,Yuan Renminbi
550,Coop Pank AS,Honorable,2448,9635300083,Real
551,Raiffeisenbank Oberpfalz NordWest eG,Rev,5976,9733922095,Gourde
552,BluOr Bank AS,Rev,1863,2459817418,Dollar
553,FIRST STATE BANK,Mr,4265,5882729592,Yuan Renminbi
554,BANCA DELL'ALTA MURGIA CREDITO COOPERATIVO - SOCIETA' COOPERATIVA,Mrs,3839,6349497554,Euro
555,CHEMICAL BANK,Honorable,5233,7954066625,Euro
556,BANCO BPM SOCIETA' PER AZIONI,Rev,1758,5620254782,Peso
557,BERKSHIRE BANK,Mr,5747,6590328827,Rand
558,BANK DEGROOF PETERCAM,Mr,8351,8409873729,Peso
559,CITIZENS STATE BANK,Mr,1104,8269267864,Euro
560,NEW YORK COMMUNITY BANK,Rev,9573,9690124428,Ruble
561,PEOPLES BANK,Mrs,7476,8898993888,Dollar
562,Steiermärkische Bank und Sparkassen Aktiengesellschaft,Rev,9053,7158084533,Real
563,Kreissparkasse Birkenfeld (Birkenfelder Landesbank),Rev,3847,7652744876,Euro
564,SELF-HELP CREDIT UNION,Ms,9232,3122497805,Yuan Renminbi
565,Raiffeisenbank Weißkirchen a.d. Traun eGen,Honorable,1199,8403189783,Afghani
566,Finamur,Honorable,5026,5159605704,Dong
567,FIRST NATIONAL BANK,Honorable,2275,4492787140,Peso
568,CENTRAL BANK,Honorable,8278,3598893607,Hryvnia
569,COMMERCE BANK,Mrs,9967,6855013330,Zloty
570,FIRST NATIONAL BANK,Ms,2021,5404377247,Euro
571,Volksbank Niederösterreich AG,Mr,4659,8902650134,Dram
572,Raiffeisenbank Sinzing eG,Mr,2132,1417040483,Yuan Renminbi
573,SFIL S.A.,Ms,8288,9856230061,Afghani
574,Raiffeisenbank eG,Dr,7922,4797713109,Leu
575,Raiffeisenbank Gruibingen eG.,Honorable,7129,8211750096,Euro
576,FIRST NATIONAL BANK OF PENNSYLVANIA,Ms,9708,1291141363,Ruble
577,PROSPERITY BANK,Dr,8415,8828976214,Peso
578,Raiffeisenbank Region Fürstenfeld eGen,Mrs,2054,3720819755,Yuan Renminbi
579,BRANCH BANKING & TRUST COMPANY,Honorable,6579,2248894772,Krona
580,Raiffeisenbank Pyhrn-Priel eGen,Ms,2263,9351780578,Som
581,Hannoversche Volksbank eG,Honorable,8085,4349603018,Real
582,TD BANK,Mr,9284,1115869609,Rupiah
583,Monte Paschi banque S.A.,Dr,2775,8563716632,Euro
584,BANCORP SOUTH,Mr,5610,5401407562,Dirham
585,FIRST COMMUNITY BANK,Dr,5112,3289550068,Sol
586,Bank Ochrony Środowiska S.A.,Ms,2891,7404060767,Won
587,BANCO BPM SOCIETA' PER AZIONI,Honorable,5579,5222987380,Euro
588,Bank Julius Bär Deutschland AG,Ms,3320,4301501770,Afghani
589,FEDERAL RESERVE BANK,Honorable,3471,8336751904,Yen
590,PARK NATIONAL BANK,Mr,9847,8729311982,Peso
591,Sparkasse Neu-Ulm-Illertissen,Ms,9870,1452879020,Peso
592,CAPITAL ONE,Dr,3176,5883188018,Dram
593,Stadtsparkasse Düsseldorf,Mrs,5963,8363209376,Hryvnia
594,COLUMBIA STATE BANK,Ms,7924,2279924071,Rupiah
595,Prison Service Credit Union Limited,Mrs,6201,3229084884,Yuan Renminbi
596,Waldeck-Frankenberger Bank eG,Mrs,7918,9803525546,Krona
597,FIRST CITIZENS BANK & TRUST COMPANY,Rev,3216,4140976378,Yuan Renminbi
598,RENASANT BANK,Honorable,3566,7078346564,Hryvnia
599,S Broker AG & Co. KG,Rev,1047,2604415847,Yuan Renminbi
600,BANKPLUS,Mr,2128,2925912328,Afghani
601,Raiffeisenbank Draßmarkt-Kobersdorf-St. Martin eGen,Dr,4210,3339077051,Rupiah
602,Banque de Patrimoines Privés,Honorable,3974,9463716306,Euro
603,FARMERS BANK,Mr,5025,6643278408,Peso
604,DHB Bank N.V.,Mrs,7266,2067893653,Euro
605,Stadtsparkasse Burgdorf,Rev,1949,8445141878,Baht
606,Landesbank Baden-Württemberg,Dr,6931,1509209242,Koruna
607,Diac,Dr,1093,9700547057,Rupiah
608,FIRST STATE BANK,Dr,5058,7701634799,Yuan Renminbi
609,MUFG UNION BANK,Rev,4143,1544461373,Yuan Renminbi
610,Raiffeisenbank Bad Saulgau eG,Ms,6602,5705648811,Dollar
611,"Raiffeisenbank Grafenstein-Magdalensberg und Umgebung, registrierte Genossenschaft mit beschränkter Haftung",Honorable,1530,4888857877,Yuan Renminbi
612,Investitionsbank Berlin,Rev,2817,8600650113,Euro
613,CREDIT LYONNAIS (LCL),Honorable,4752,5549688137,Dollar
614,STERLING NATIONAL BANK,Mr,6954,4554029349,Dinar
615,CEC BANK S.A.,Rev,4178,9583738728,Dollar
616,FIRST NATIONAL BANK,Honorable,7320,6093300067,Rupiah
617,Raiffeisen-Volksbank Haßberge eG,Ms,9168,2206187781,Rupiah
618,TeamBank AG Nürnberg,Honorable,7073,7777917384,Dollar
619,FEDERAL RESERVE BANK,Honorable,8832,7722859622,Rand
620,CAPITAL ONE,Mrs,7436,5593916446,Euro
621,FARMERS STATE BANK,Mrs,3892,8196072719,Peso
622,CREDITO COOPERATIVO DI CARAVAGGIO ADDA E CREMASCO - CASSA RURALE - SOCIETA' COOPERATIVA,Rev,5251,2320992328,Hryvnia
623,FARMERS BANK,Dr,5305,6727503962,Peso
624,LIBERTY BANK,Ms,3725,1010946423,Peso
625,UBS Europe SE,Mrs,1363,9984969540,Yuan Renminbi
626,Raiffeisenbank Singoldtal eG,Mrs,4583,2819800337,Rupiah
627,Raiffeisen Regionalbank Güssing-Jennersdorf eGen,Mr,2565,2423118539,Krone
628,CREDIT UNION OF SOUTHERN CALIFORNIA,Ms,6799,3571186531,Dinar
629,KEY BANK,Mrs,9815,2530769326,Euro
630,CREDEM EUROMOBILIARE PRIVATE BANKING S.P.A.,Honorable,6101,7528855898,Rand
631,Volksbank Heiden eG,Mrs,2662,4891058167,Rupiah
632,VR Bank HessenLand eG,Rev,2384,6685110986,Rupiah
633,CENTENNIAL BANK,Mrs,8856,9929433676,Rupee
634,FIFTH THIRD BANK,Mrs,9754,7629373811,Rupiah
635,Raiffeisenbank Flachgau Nord eGen,Mr,7248,2337330535,Ruble
636,WESBANCO BANK INC,Mrs,3460,4993826359,Euro
637,FIRST BANK,Honorable,6024,1111318637,Dollar
638,St. Canice's Kilkenny Credit Union Limited,Mrs,2893,3018684848,Yuan Renminbi
639,Raiffeisenbank im Weinviertel eGen,Ms,4692,8145263946,Yuan Renminbi
640,CENTENNIAL BANK,Honorable,4392,8999170240,Euro
641,PENSAM BANK A/S,Mr,9957,1316348861,Yuan Renminbi
642,Bank Spółdzielczy w Brańsku,Mr,9829,2707153875,Dollar
643,FIRST FIDELITY BANK,Honorable,6811,7364661462,Dinar
644,Volksbank Niederrhein eG,Dr,9399,9998747675,Ruble
645,FIRST BANK,Rev,7294,3661374785,Rupee
646,STONEGATE BANK,Ms,1408,1298178474,Yen
647,FIRST NATIONAL BANK,Dr,5261,8740658286,Yuan Renminbi
648,CITIZENS BANK,Rev,6355,1886593274,Yuan Renminbi
649,US BANK,Mrs,6624,7574958864,Yuan Renminbi
650,Mizuho Bank Europe N.V.,Dr,2358,7588847525,Euro
651,M B FINANCIAL BANK,Dr,1880,9371480446,Rupiah
652,Caisse régionale de crédit agricole mutuel Pyrénées-Gascogne,Mrs,2319,1286700132,Euro
653,BANK OF AMERICA,Dr,3395,1073891251,Ruble
654,"AS ""Industra Bank""",Ms,2064,9327797547,Rupiah
655,PINNACLE BANK,Mrs,3635,1664136502,Lev
656,Sparkasse Freising Moosburg,Ms,5247,7805669690,Pula
657,"Banco Credibom, SA",Dr,9098,9755153970,Real
658,Raiffeisenbank Tirol Mitte West eGen,Rev,8735,6805431380,Rupiah
659,FIRST STATE BANK,Ms,9265,9726758662,Koruna
660,Eckernförder Bank eG Volksbank-Raiffeisenbank,Mr,7977,4404534240,Euro
661,Sparda-Bank Augsburg eG,Ms,1073,6421876099,Yen
662,FARMERS STATE BANK,Dr,1885,7997037273,Ruble
663,BANCORPSOUTH BANK,Rev,2439,4818389206,Rupiah
664,BMO HARRIS BANK,Rev,7922,1225842932,Yuan Renminbi
665,Lloyds Bank GmbH,Mr,2659,1556399853,Sol
666,BANK OF AMERICA,Honorable,3184,7025254276,Rand
667,MUFG UNION BANK,Mr,6943,9916853721,Yuan Renminbi
668,Landwirtschaftliche Rentenbank,Honorable,9666,4839372960,Dong
669,MEDIOBANCA PREMIER S.P.A.,Mr,1323,7884570959,Euro
670,GLACIER BANK,Honorable,9169,4492014960,Taka
671,"Citfin, spořitelní družstvo",Honorable,5113,4517228505,Rupiah
672,BANCO POPULAR,Honorable,5796,7252099801,Baht
673,MUFG UNION BANK,Mr,1586,2755530027,Lempira
674,MeDirect Bank (Malta) plc,Mr,9623,8878834692,Ruble
675,BANK OF AMERICA,Mrs,6273,8162117352,Yuan Renminbi
676,COMMERCIAL BANK,Rev,9108,2680264167,Manat
677,FIRST NATIONAL BANK,Mr,4373,5496929755,Peso
678,BANCORP SOUTH,Mrs,2226,3417102855,Euro
679,BRANCH BANKING & TRUST COMPANY,Mr,3398,1482869274,Peso
680,Bausparkasse Wüstenrot Aktiengesellschaft,Mrs,9890,8654837063,Rupiah
681,WESBANCO BANK INC,Dr,3479,2825438938,Ringgit
682,Raiffeisenbank Alteglofsheim-Hagelstadt eG,Mr,6934,1328610295,Rupiah
683,PENTAGON FEDERAL CREDIT UNION,Mr,2036,3675963738,Yuan Renminbi
684,BANCO BPM SOCIETA' PER AZIONI,Ms,5058,2921880348,Yuan Renminbi
685,PACIFIC WESTERN BANK,Mrs,7851,1312784805,Dirham
686,DEUTSCHE BANK AKTIENGESELLSCHAFT,Rev,1542,1887267745,Yuan Renminbi
687,Bemo Europe - Banque Privee,Rev,3959,4211357455,Dollar
688,WELLS FARGO BANK,Dr,2518,6679617921,Shilling
689,TD BANK,Dr,2847,4836549789,Ruble
690,STATE STREET BANK INTERNATIONAL GMBH SUCCURSALE ITALIA,Honorable,9864,4753188201,Dollar
691,Raiffeisenbank Lieser-Maltatal eG,Rev,5625,3164610390,Rupiah
692,CHEMICAL BANK,Dr,3740,5881195310,Yen
693,Caisse régionale de crédit agricole mutuel Provence-Côte d'Azur (Alpes de Haute-Provence-Alpes-maritimes-Var),Rev,9697,6064519717,Euro
694,Raiffeisenbank Pfaffenwinkel eG,Honorable,5940,1056037766,Krone
695,WEBSTER BANK,Ms,5045,1526394516,Ruble
696,USALLIANCE FEDERAL CREDIT UNION,Mr,3401,6081836236,Sol
697,Banque fédérative du crédit mutuel,Rev,8137,8792529805,Rupee
698,CASSA RURALE ED ARTIGIANA DI RIVAROLO MANTOVANO (MANTOVA) CREDITO COOPERATIVO - SOCIETA' COOPERATIVA,Rev,7386,4531721558,Euro
699,RENASANT BANK,Mrs,3993,3181574083,Euro
700,BMO HARRIS BANK,Mr,1555,5763793657,Marka
701,FIRST STATE BANK,Mrs,8115,3333109524,Rupiah
702,Sparkasse Mühlviertel-West Bank Aktiengesellschaft,Dr,1293,6324431507,Yuan Renminbi
703,Société Générale Capital Market Finance S.A.,Ms,2767,7733721316,Dollar
704,INDEPENDENT BANK,Ms,4883,7739328523,Rupiah
705,BANNER BANK,Rev,3166,7566387608,Peso
706,PEOPLES STATE BANK,Dr,2303,1368725717,Ruble
707,CHEMICAL BANK,Dr,6547,5692490848,Euro
708,BANK OF AMERICA,Mr,9970,9257034183,Euro
709,COMMERCIAL BANK,Mr,8960,8036966863,Euro
710,Caisse de crédit municipal de Boulogne-sur-Mer,Mrs,8832,4571717737,Rupiah
711,Kreissparkasse St. Wendel,Mr,2033,6079030934,Rial
712,Sparkasse Pfaffenhofen,Dr,3192,1524625802,Euro
713,INTERNATIONAL BANK OF COMMERCE,Ms,8823,3021948626,Krona
714,MAINSOURCE BANK,Mrs,7461,4059720457,Peso
715,FIRST MERCHANTS BANK,Honorable,4300,2435773409,Euro
716,Bankhaus Werhahn GmbH,Honorable,1147,9565360693,Euro
717,FARMERS STATE BANK,Ms,2202,4713348079,Peso
718,FIRST NATIONAL BANK,Honorable,3571,4569557857,Real
719,BANCO BPM SOCIETA' PER AZIONI,Mrs,6967,7327234406,Yuan Renminbi
720,CITIZENS BANK,Mr,9128,7009119605,Rupiah
721,UNION BANK & TRUST,Rev,6822,7758643343,Yuan Renminbi
722,"Caja Rural de Albacete, Ciudad Real y Cuenca, Sociedad Cooperativa de Crédito",Honorable,6668,7770155830,Real
723,BNP Paribas,Mr,9300,4315913606,Ruble
724,Sparkasse Baden-Baden Gaggenau,Mrs,5759,8972347398,Rupiah
725,PROSPERITY BANK,Honorable,6230,7382027984,Ruble
726,Volksbank Emstal eG,Mrs,7427,3349132445,Peso
727,UNION STATE BANK,Ms,3554,4051349076,Yuan Renminbi
728,Volksbank Freiburg eG,Honorable,7068,7490669845,Sol
729,LIBERTY BANK,Ms,8990,7386428497,Euro
730,BNP Paribas home loan SFH,Mr,7975,1881974463,Peso
731,UNITED COMMUNITY BANK,Honorable,8123,4317905964,Yen
732,AKBANK T.A.S. Malta Branch,Dr,4518,3474759696,Ruble
733,FIRST BANK,Dr,3410,1781291872,Tenge
734,WELLS FARGO BANK,Mrs,1783,4061332715,Rupiah
735,COMMUNITY STATE BANK,Honorable,5365,5060252968,Shilling
736,DEUTSCHE BANK S.P.A.,Ms,7866,4608935202,Yuan Renminbi
737,BANK OF AMERICA,Honorable,9525,9924146142,Tenge
738,CAPITAL BANK,Mr,2923,4286701761,Yuan Renminbi
739,FIRST NATIONAL BANK,Mr,2903,7183840731,Ruble
740,PACIFIC WESTERN BANK,Dr,5750,3612869250,Rupiah
741,COMMUNITY FIRST BANK,Dr,4100,5108953460,Euro
742,FIRSTBANK,Honorable,4938,7331714459,Krona
743,Castleblayney Credit Union Limited,Rev,5537,8334757766,Yuan Renminbi
744,IBERIABANK,Dr,3960,8712246179,Euro
745,"EBN Banco de Negocios, S.A.",Honorable,6948,3094418642,Rupiah
746,State Bank of India,Dr,8451,8721636363,Peso
747,Sparkasse St. Blasien,Rev,1254,1055923730,Franc
748,Compagnie générale de crédit aux particuliers - Crédipar,Rev,4087,5220800734,Ruble
749,KBC Bank,Ms,4018,4041943873,Dollar
750,WELLS FARGO BANK,Rev,2947,1750785539,Peso
751,FIRSTBANK,Ms,9060,1180428232,Yuan Renminbi
752,BANCORPSOUTH,Dr,6836,8613437352,Rupiah
753,Banque Misr,Honorable,2372,3689572675,Krone
754,GREAT WESTERN BANK,Mrs,4839,1665067019,Baht
755,BPER Bank Luxembourg SA,Mr,8415,5307299394,Rupiah
756,COMPASS BANK,Dr,1356,5984233629,Yuan Renminbi
757,BANK OF THE WEST,Rev,7066,2483258866,Yen
758,DEUTSCHE BANK AKTIENGESELLSCHAFT,Ms,6260,8456561220,Rupiah
759,Sarsfield Credit Union Limited,Dr,8252,9465593602,Dollar
760,BANCA NAZIONALE DEL LAVORO S.P.A. (IN FORMA CONTRATTA BNL S.P.A.),Mrs,4273,3592903611,Peso
761,Raiffeisenbank Oberland-Reutte eGen,Mr,4117,8497716351,Dollar
762,Van Lanschot Kempen N.V.,Honorable,2331,1199785432,Dollar
763,FIRST NATIONAL BANK OF PENNSYLVANIA,Mr,7672,6676853963,Ruble
764,BANCA DEL PIEMONTE S.P.A.,Mrs,3806,7693064440,Euro
765,Kreissparkasse Ahrweiler,Mr,3008,5759044872,Peso
766,CITIZENS BANK,Mr,5921,9048414770,Tugrik
767,FIRST NATIONAL BANK,Ms,7115,6998228656,Franc
768,FIRST MIDWEST BANK,Rev,5211,3055185035,Cordoba
769,Alisa Pankki Oyj,Honorable,1462,2754753857,Real
770,Raiffeisenbank Gastein eGen,Rev,8433,4464908074,Boliviano
771,FIRST MIDWEST BANK,Honorable,9246,4601685392,Baht
772,Coöperatieve Rabobank U.A.,Dr,1929,6853444751,Zloty
773,PNC BANK,Dr,2962,5496225230,Pound
774,BANCORPSOUTH BANK,Mr,5711,7719342181,Rupee
775,Aareal Bank AG,Mr,4587,6863468406,Tenge
776,PROSPERITY BANK,Mrs,9688,2068690920,Real
777,FIRSTBANK,Mrs,7633,4765094294,Afghani
778,Volksbank eG,Ms,7386,6229227472,Ruble
779,LIBERTY BANK,Mr,3033,8453794867,Peso
780,Tunisian foreign bank,Mr,6109,7290799069,Zloty
781,SPAREKASSEN DJURSLAND,Mrs,7526,3782816636,Euro
782,Raiffeisenbank eG,Ms,3994,1715205029,Krone
783,Svenska Handelsbanken AB,Ms,2291,3556664095,Krona
784,BBBank eG,Dr,7341,6939484681,Rupiah
785,FEDERAL RESERVE BANK,Mr,9434,8635945090,Yuan Renminbi
786,HERITAGE BANK,Honorable,2773,2983037364,Yuan Renminbi
787,BUSEY BANK,Dr,8771,5239501608,Yuan Renminbi
788,BRANCH BANKING & TRUST COMPANY,Rev,1479,4807715056,Krona
789,Raiffeisenbank Region Hartberg eGen,Mr,8969,9469804082,Rupiah
790,Raiffeisenbank Großgmain eGen,Rev,4777,8299584015,Peso
791,BMO HARRIS BANK,Mrs,7988,4518434369,Pound
792,FIRST SAVINGS BANK,Mr,6877,4470898026,Euro
793,US BANK,Mrs,7136,4993038039,Rupiah
794,Public Service Credit Union Limited,Mrs,4184,3194258419,Rupee
795,"BANCO ACTIVOBANK, S.A.",Rev,7918,7969467227,Peso
796,M & T BANK,Mrs,5474,6064386826,Denar
797,CITIZENS BANK,Ms,8077,2054940756,Yuan Renminbi
798,WELLS FARGO BANK,Mr,9970,8086181567,Lek
799,Skandiabanken Aktiebolag (publ),Mrs,4184,3187679485,Shilling
800,CITIBANK,Dr,2483,7961712737,Yuan Renminbi
801,BANK OF AMERICA,Mrs,5695,9130901066,Baht
802,CITIZENS STATE BANK,Mr,1200,7764709597,Rupiah
803,CAPITAL ONE,Dr,9732,7623338113,Rupiah
804,DEUTSCHE BANK AKTIENGESELLSCHAFT,Ms,6451,4494957946,Kuna
805,BANCA NAZIONALE DEL LAVORO S.P.A. (IN FORMA CONTRATTA BNL S.P.A.),Rev,3199,8404350641,Quetzal
806,COMMUNITY FIRST BANK,Ms,2521,4212201961,Real
807,STATE BANK AND TRUST COMPANY,Honorable,6958,5390915233,Euro
808,COMMUNITY STATE BANK,Ms,2165,5947295361,Peso
809,Raiffeisenbank St. Johann-Wagrain-Kleinarl eGen,Ms,4098,5403905947,Real
810,Airbus Bank GmbH,Ms,9537,6602482598,Euro
811,LIBERTY BANK,Dr,3090,5919393556,Euro
812,SIMMONS FIRST NATL BK,Dr,3669,5615770911,Yen
813,LIBERTY BANK,Rev,9468,8292179211,Rupiah
814,COMERICA BANK,Rev,6002,3322504009,Yuan Renminbi
815,WELLS FARGO BANK,Rev,4839,3774386812,Lempira
816,CHEMICAL BANK,Dr,2275,3424662868,Yuan Renminbi
817,CREDITO COOPERATIVO CASSA RURALE ED ARTIGIANA DI PALIANO SOCIETA' COOPERATIVA,Mrs,1729,4115119102,Yuan Renminbi
818,LBS Landesbausparkasse NordOst AG,Rev,1853,1771180745,Rupiah
819,BANCA NAZIONALE DEL LAVORO S.P.A. (IN FORMA CONTRATTA BNL S.P.A.),Rev,2366,4194042284,Yuan Renminbi
820,Raiffeisenlandesbank Burgenland und Revisionsverband eGen,Ms,7577,5085554396,Hryvnia
821,BANK OF HOPE,Rev,3423,7279259396,Euro
822,Bayerische Landesbank,Ms,7970,7894229826,Rand
823,PEOPLES STATE BANK,Mr,4492,8004143161,Peso
824,Investitionsbank des Landes Brandenburg,Mr,8137,6749767442,Baht
825,BANK OF COMMERCE,Honorable,7400,7538989486,Hryvnia
826,BEAR STATE BANK,Honorable,9002,5585260374,Real
827,FIRST NATIONAL BANK,Rev,7415,8776200053,Peso
828,Mendener Bank eG,Dr,9391,1655803768,Krone
829,BEAR STATE BANK,Dr,1963,7637297567,Dollar
830,BANK OF AMERICA,Rev,5027,2884435904,Yuan Renminbi
831,BRANCH BANKING & TRUST COMPANY,Ms,9361,1328874432,Som
832,HORIZON CREDIT UNION,Mrs,7688,4318840790,Yuan Renminbi
833,Raiffeisenbank Südliches Ostallgäu eG,Dr,8832,8471295268,Zloty
834,Bank11 für Privatkunden und Handel GmbH,Mrs,2373,8670245996,Rupiah
835,SECURITY STATE BANK,Honorable,6449,6232376079,Yuan Renminbi
836,GRANDPOINT BANK,Ms,3525,2430524309,Kwacha
837,Western Union International Bank GmbH,Ms,4268,2826836263,Yuan Renminbi
838,Jordan Ahli Bank plc,Ms,8623,2683922528,Yuan Renminbi
839,Raiffeisenbank Oberes Waldviertel eGen,Mrs,7846,3248411406,Peso
840,Raiffeisenbank Bechhofen eG,Honorable,4962,8320348917,Peso
841,Raiffeisenbank Süd-Weststeiermark eGen,Mrs,3367,5735519188,Ruble
842,CITIBANK,Honorable,6216,5918766448,Koruna
843,COMMERCIAL BANK,Rev,9179,1356976532,Euro
844,PNC BANK,Dr,9417,4428380683,Euro
845,BANK OF AMERICA,Mr,6333,9965804110,Yuan Renminbi
846,WELLS FARGO BANK,Dr,6746,6872530661,Rupiah
847,BANCA PASSADORE & C. S.P.A.,Ms,4833,1418544089,Lev
848,UNITED BANK,Dr,9453,8212938106,Dollar
849,Crédit Agricole S.A.,Mr,3510,7779931908,Real
850,PROSPERITY BANK,Mrs,2739,3227185955,Rupiah
851,Delen Private Bank Luxembourg S.A.,Honorable,3462,2475563445,Yuan Renminbi
852,Raiffeisenbank eG Scharrel,Dr,8551,6192566748,Peso
853,PNC BANK,Mrs,4117,5765622949,Euro
854,COMMUNITY STATE BANK,Dr,7654,6530687216,Euro
855,FIFTH THIRD BANK,Dr,3623,6344332400,Yuan Renminbi
856,FINANCIAL PARTNERS CREDIT UNION,Mr,2065,1729781769,Euro
857,CITIZENS BANK,Honorable,5161,2510710733,Dong
858,Newmarket Credit Union Limited,Dr,2913,3428965643,Naira
859,Kreissparkasse Anhalt-Bitterfeld,Mr,7633,7872994044,Yuan Renminbi
860,Sparkasse Dieburg - Zweckverbandssparkasse -,Mr,1133,3709031545,Yuan Renminbi
861,MAINSOURCE BANK,Dr,6174,5089684292,Real
862,Sparkasse Aschaffenburg Miltenberg,Ms,9419,5705537464,Yuan Renminbi
863,WHITNEY BANK,Dr,1380,1245186128,Rupiah
864,SECURITY BANK,Mr,4221,2266980673,Ruble
865,Raiffeisenbank Wald-Görisried eG,Dr,9484,1326958398,Rupiah
866,GLACIER BANK,Rev,5816,2818795839,Koruna
867,BANCO BPM SOCIETA' PER AZIONI,Mr,3877,2190447994,Peso
868,VR-Bankverein Bad Hersfeld-Rotenburg eG,Mrs,5642,6400954352,Rupiah
869,BANK OF INDIA,Ms,5873,6423175821,Rand
870,WEBSTER BANK,Dr,7208,4014279593,Dollar
871,CAPITAL ONE,Mr,9576,1780051495,Euro
872,Caisse régionale de crédit agricole mutuel Sud-Méditerranée (Ariège et Pyrénées-Orientales),Mr,3004,6596314965,Peso
873,JPMORGAN CHASE,Ms,7014,7673521767,Koruna
874,Raiffeisenbank Obermain Nord eG,Mr,8117,6371500872,Ruble
875,Kreissparkasse Rhein-Hunsrück,Mrs,1355,3467476090,Hryvnia
876,CAPITAL ONE,Ms,9728,1312446604,Rupiah
877,VR-Bank Uckermark-Randow eG,Rev,6000,2484292417,Dollar
878,HVIDBJERG BANK A/S,Mrs,4570,4428499600,Euro
879,CORNERSTONE BANK,Rev,8402,3536110978,Euro
880,BANNER BANK,Mr,6195,8270355863,Rand
881,HUNTINGTON NATIONAL BANK,Ms,1792,4323281277,Yuan Renminbi
882,FIRSTBANK,Honorable,4132,7983006827,Rupee
883,HSBC BANK,Ms,9377,6790501884,Rupiah
884,BNP Paribas,Honorable,9364,1279547373,Baht
885,BANCO BPM SOCIETA' PER AZIONI,Mr,3165,1468589965,Yuan Renminbi
886,M & T BANK,Ms,2989,4252767796,Peso
887,HUNTINGTON NATIONAL BANK,Honorable,4690,6944339495,Dollar
888,FIRST STATE BANK,Dr,6433,1051180792,Yen
889,BANCO BPM SOCIETA' PER AZIONI,Ms,2656,7891925577,Euro
890,BANCO DE SABADELL - S.A. - SUCURSAL EM PORTUGAL,Mr,5780,5205007064,Ruble
891,Core Credit Union Limited,Mrs,3879,8068447747,Yuan Renminbi
892,Banque Banorient FRANCE S.A. PARIS - ROMANIAN BRANCH,Dr,9987,7531160379,Peso
893,BMO HARRIS BANK,Dr,6536,2350159194,Rial
894,CREDIT UNION OF SOUTHERN CALIFORNIA,Ms,7790,5714755724,Euro
895,PNC BANK,Rev,9011,1568663613,Peso
896,FIRST FINANCIAL BANK,Mr,6759,9303284782,Ruble
897,IBL ISTITUTO BANCARIO DEL LAVORO S.P.A. (IN FORMA ABBREVIATA IBL BANCA),Ms,6771,6714951873,Peso
898,BMO HARRIS BANK,Ms,8464,2982306249,Yuan Renminbi
899,Tower Credit Union Limited,Mr,6828,5697251400,Yuan Renminbi
900,WHITNEY BANK,Mr,4220,2547658705,Krona
901,PNC BANK,Dr,5994,4906073002,Koruna
902,Raiffeisenbank Pöndorf - Frankenmarkt eGen,Mr,1023,9517223886,Peso
903,Caisse régionale de crédit agricole mutuel Pyrénées-Gascogne,Mrs,4918,2037240542,Kuna
904,FARMERS & MERCHANTS BANK,Rev,3096,9871522735,Peso
905,Raiffeisenbank Perg eGen,Dr,3467,9224186153,Yuan Renminbi
906,TD BANK,Honorable,4967,6788250152,Ruble
907,"UNICREDIT, SOCIETA' PER AZIONI",Rev,4288,1594648327,Rupiah
908,FIRST BANK,Mr,6969,2666303395,Euro
909,BANCO BPM SOCIETA' PER AZIONI,Mr,8772,4674286816,Koruna
910,BANCA DI CREDITO COOPERATIVO DEI CASTELLI ROMANI E DEL TUSCOLO - SOCIETA' COOPERATIVA,Ms,8029,9631050815,Peso
911,VR Bank Rhein-Neckar eG,Dr,9225,4170222915,Rupiah
912,BANCO BPM SOCIETA' PER AZIONI,Rev,3521,5469023971,Ariary
913,BANK OF AMERICA,Mr,7942,1171843311,Euro
914,BMO HARRIS BANK,Mrs,6117,9919422781,Ruble
915,Ma French Bank,Dr,4626,9064750160,Sol
916,Caisse régionale de crédit agricole mutuel Nord Midi-Pyrénées,Mr,8935,6142450337,Yuan Renminbi
917,Danske Kiinnitysluottopankki Oyj,Mr,1832,4284050280,Dinar
918,SGB Finance,Mr,6543,9497528994,Euro
919,Lloyds Bank GmbH,Rev,9870,1533936657,Rupiah
920,US BANK,Mr,2626,8061382774,Real
921,DEUTSCHE BANK S.P.A.,Ms,2235,6981793727,Yuan Renminbi
922,Raiffeisenbank Salzburger Seenland eGen,Mr,6003,2286792926,Euro
923,BANCA NAZIONALE DEL LAVORO S.P.A. (IN FORMA CONTRATTA BNL S.P.A.),Rev,5533,7990616433,Yen
924,Raiffeisenbank Murau eGen,Mr,2970,1493296346,Ringgit
925,BNP Paribas,Rev,6135,8872910189,Peso
926,CADENCE BANK,Rev,7069,2357645783,Rupiah
927,FIRST CITIZENS BANK & TRUST COMPANY,Dr,4476,7604526638,Peso
928,BANK OF AMERICA,Ms,5339,9885577349,Real
929,PSD Bank München eG,Rev,1112,7437567255,Peso
930,FIRST NATIONAL BANK,Ms,6927,3580126967,Krona
931,INDEPENDENT BANK,Mr,3378,9520268784,Peso
932,FIRSTBANK,Rev,6583,7241040199,Dinar
933,Attijariwafa bank europe,Ms,9639,3116488826,Zloty
934,FIRST NATIONAL BANK,Ms,9378,4550147583,Rupiah
935,Raiffeisenbank Wagram-Schmidatal eGen,Mr,9848,2093419045,Pound
936,CITIZENS STATE BANK,Dr,7032,8218744120,Rupiah
937,FARMERS STATE BANK,Mrs,3128,2591265689,Rupiah
938,BYLINE BANK,Dr,5448,1245586509,Dollar
939,Banque populaire du Sud,Dr,9586,5239024210,Rial
940,IBERIABANK,Mrs,9767,6447259058,Ruble
941,HERITAGE BANK,Ms,8940,4009271435,Euro
942,BANK OF AMERICA,Dr,1044,5652539760,Dong
943,CAPITAL BANK,Mrs,9459,1448935821,Sol
944,FIRST STATE BANK,Mr,8330,8314937317,Yuan Renminbi
945,WELLS FARGO BANK,Dr,6170,1962847286,Hryvnia
946,WELLS FARGO BANK,Honorable,9577,1105710484,Rial
947,Raiffeisenbank Silz-Haiming und Umgebung eGen,Honorable,3291,9921731011,Rupee
948,"Banco Atlântico Europa, S.A.",Mr,7854,7527797506,Yuan Renminbi
949,THE PEOPLES BANK,Dr,9012,5878077003,Baht
950,BANCO BPM SOCIETA' PER AZIONI,Rev,3513,3102097610,Peso
951,Tower Credit Union Limited,Ms,8496,3456317408,Zloty
952,Raiffeisenbank Drautal registrierte Genossenschaft mit beschränkter Haftung,Mrs,9297,9344145653,Dollar
953,BANK OF THE WEST,Mrs,3846,8011908052,Yuan Renminbi
954,Banque Banorient FRANCE S.A. PARIS - ROMANIAN BRANCH,Mr,8658,2040356516,Peso
955,EAST WEST BANK,Mrs,2887,4551533763,Rupiah
956,Volksbank Lastrup e.G.,Rev,8684,8247398868,Peso
957,CENTENNIAL BANK,Dr,2951,5855122506,Yuan Renminbi
958,JPMORGAN CHASE,Mr,9882,9843760111,Pula
959,CITIZENS BUSINESS BANK,Ms,9717,5468098773,Peso
960,FIRST NATIONAL BANK,Mr,7690,2228273101,Peso
961,Deutsche Bank Luxembourg S.A.,Dr,3589,4063813120,Som
962,Kreissparkasse Köln,Honorable,6603,6246294841,Hryvnia
963,BANK OF AMERICA,Mr,4373,5491188092,Shilling
964,NEW YORK COMMUNITY BANK,Honorable,4883,9451753541,Euro
965,Sparkasse Rhein-Haardt,Ms,8038,3477411553,Real
966,STONEGATE BANK,Mr,3857,7632100593,Yuan Renminbi
967,John Deere Bank S.A.,Dr,2161,5154538469,Yuan Renminbi
968,FIRST STATE BANK,Dr,2071,9786379847,Yuan Renminbi
969,Raiffeisenbank Westkreis Fürstenfeldbruck eG,Rev,4983,1733998869,Rupiah
970,CB Bank GmbH,Honorable,3312,6424529611,Rupiah
971,Deutsche Bank Europe GmbH,Dr,6612,5486546847,Dram
972,Volksbank Lastrup e.G.,Mrs,5625,5660120889,Krona
973,COMMERCE BANK,Rev,6095,2097376881,Yen
974,PEOPLES BANK,Honorable,8056,2796471444,Dollar
975,Sparkasse Ulm,Mrs,7194,4559085844,Yen
976,BANCO BPM SOCIETA' PER AZIONI,Honorable,2744,5515991259,Lev
977,Raiffeisenbank Almtal eGen,Honorable,7466,9603806956,Rupiah
978,BANK OF AMERICA,Mrs,3969,1781672174,Zloty
979,CITIZENS BANK,Mr,2852,4157431182,Dollar
980,"BANCO COMERCIAL PORTUGUÊS, SA",Mr,8385,4560156980,Yen
981,SANTANDER BANK,Ms,5980,6407013860,Rupiah
982,Raiffeisen Bausparkasse Gesellschaft m.b.H.,Mr,4557,9401484461,Rupiah
983,Crédit Agricole S.A.,Mr,2597,2609373981,Shekel
984,VR Bank Bad Orb-Gelnhausen eG,Mr,8837,7858567839,Euro
985,WELLS FARGO BANK,Rev,6550,3861852234,Yuan Renminbi
986,Stadtsparkasse Bottrop,Dr,4744,6669158312,Yuan Renminbi
987,BANCA DI CREDITO COOPERATIVO DI CHERASCO - SOCIETA' COOPERATIVA,Ms,6474,2210245176,Ruble
988,UNITED COMMUNITY BANK,Rev,8936,2970963206,Peso
989,Landesbank Hessen-Thüringen Girozentrale,Dr,1638,6057908220,Peso
990,MUFG UNION BANK,Mr,2220,3952896740,Yuan Renminbi
991,FARMERS STATE BANK,Mr,1302,9041003252,Rupiah
992,US BANK,Honorable,9950,4010736600,Dollar
993,Svenska Handelsbanken AB,Mrs,4233,2289961398,Franc
994,Banking Circle S.A.,Ms,4525,7499464051,Yuan Renminbi
995,BANK OF NEW YORK MELLON,Mrs,4081,5012161609,Dinar
996,SECURITY STATE BANK,Ms,8916,5861121281,Euro
997,Sparkasse Gummersbach,Mrs,8333,3851184190,Zloty
998,BANCA NAZIONALE DEL LAVORO S.P.A. (IN FORMA CONTRATTA BNL S.P.A.),Honorable,4387,1382701295,Rupee
999,COMMERZBANK Aktiengesellschaft,Rev,9272,2846076177,Real
